height_label,z,x,y,yaw_feasible_fraction
grasp height,0.1200,0.000,-0.530,0.875
grasp height,0.1200,0.040,-0.530,0.750
grasp height,0.1200,0.080,-0.530,0.750
grasp height,0.1200,0.120,-0.530,0.875
grasp height,0.1200,0.160,-0.530,0.875
grasp height,0.1200,0.200,-0.530,0.875
grasp height,0.1200,0.240,-0.530,0.875
grasp height,0.1200,0.280,-0.530,0.875
grasp height,0.1200,0.320,-0.530,0.875
grasp height,0.1200,0.360,-0.530,0.875
grasp height,0.1200,0.400,-0.530,0.875
grasp height,0.1200,0.440,-0.530,0.875
grasp height,0.1200,0.480,-0.530,0.875
grasp height,0.1200,0.520,-0.530,0.875
grasp height,0.1200,0.560,-0.530,0.750
grasp height,0.1200,0.600,-0.530,0.750
grasp height,0.1200,0.640,-0.530,0.000
grasp height,0.1200,0.680,-0.530,0.000
grasp height,0.1200,0.720,-0.530,0.000
grasp height,0.1200,0.760,-0.530,0.000
grasp height,0.1200,0.800,-0.530,0.000
grasp height,0.1200,0.840,-0.530,0.000
grasp height,0.1200,0.000,-0.490,1.000
grasp height,0.1200,0.040,-0.490,0.750
grasp height,0.1200,0.080,-0.490,0.750
grasp height,0.1200,0.120,-0.490,0.875
grasp height,0.1200,0.160,-0.490,0.875
grasp height,0.1200,0.200,-0.490,0.875
grasp height,0.1200,0.240,-0.490,0.875
grasp height,0.1200,0.280,-0.490,0.875
grasp height,0.1200,0.320,-0.490,0.875
grasp height,0.1200,0.360,-0.490,0.875
grasp height,0.1200,0.400,-0.490,0.875
grasp height,0.1200,0.440,-0.490,0.875
grasp height,0.1200,0.480,-0.490,0.875
grasp height,0.1200,0.520,-0.490,0.750
grasp height,0.1200,0.560,-0.490,0.750
grasp height,0.1200,0.600,-0.490,0.750
grasp height,0.1200,0.640,-0.490,0.750
grasp height,0.1200,0.680,-0.490,0.000
grasp height,0.1200,0.720,-0.490,0.000
grasp height,0.1200,0.760,-0.490,0.000
grasp height,0.1200,0.800,-0.490,0.000
grasp height,0.1200,0.840,-0.490,0.000
grasp height,0.1200,0.000,-0.450,1.000
grasp height,0.1200,0.040,-0.450,0.750
grasp height,0.1200,0.080,-0.450,0.750
grasp height,0.1200,0.120,-0.450,0.875
grasp height,0.1200,0.160,-0.450,0.875
grasp height,0.1200,0.200,-0.450,0.875
grasp height,0.1200,0.240,-0.450,0.875
grasp height,0.1200,0.280,-0.450,0.875
grasp height,0.1200,0.320,-0.450,0.875
grasp height,0.1200,0.360,-0.450,0.875
grasp height,0.1200,0.400,-0.450,0.875
grasp height,0.1200,0.440,-0.450,0.875
grasp height,0.1200,0.480,-0.450,0.750
grasp height,0.1200,0.520,-0.450,0.750
grasp height,0.1200,0.560,-0.450,0.750
grasp height,0.1200,0.600,-0.450,0.750
grasp height,0.1200,0.640,-0.450,0.875
grasp height,0.1200,0.680,-0.450,0.000
grasp height,0.1200,0.720,-0.450,0.000
grasp height,0.1200,0.760,-0.450,0.000
grasp height,0.1200,0.800,-0.450,0.000
grasp height,0.1200,0.840,-0.450,0.000
grasp height,0.1200,0.000,-0.410,1.000
grasp height,0.1200,0.040,-0.410,0.875
grasp height,0.1200,0.080,-0.410,0.750
grasp height,0.1200,0.120,-0.410,0.875
grasp height,0.1200,0.160,-0.410,0.875
grasp height,0.1200,0.200,-0.410,0.875
grasp height,0.1200,0.240,-0.410,0.875
grasp height,0.1200,0.280,-0.410,0.875
grasp height,0.1200,0.320,-0.410,0.875
grasp height,0.1200,0.360,-0.410,0.875
grasp height,0.1200,0.400,-0.410,0.875
grasp height,0.1200,0.440,-0.410,0.750
grasp height,0.1200,0.480,-0.410,0.750
grasp height,0.1200,0.520,-0.410,0.750
grasp height,0.1200,0.560,-0.410,0.750
grasp height,0.1200,0.600,-0.410,0.875
grasp height,0.1200,0.640,-0.410,0.875
grasp height,0.1200,0.680,-0.410,0.875
grasp height,0.1200,0.720,-0.410,0.000
grasp height,0.1200,0.760,-0.410,0.000
grasp height,0.1200,0.800,-0.410,0.000
grasp height,0.1200,0.840,-0.410,0.000
grasp height,0.1200,0.000,-0.370,1.000
grasp height,0.1200,0.040,-0.370,0.875
grasp height,0.1200,0.080,-0.370,0.875
grasp height,0.1200,0.120,-0.370,0.875
grasp height,0.1200,0.160,-0.370,0.875
grasp height,0.1200,0.200,-0.370,0.875
grasp height,0.1200,0.240,-0.370,0.875
grasp height,0.1200,0.280,-0.370,0.875
grasp height,0.1200,0.320,-0.370,0.875
grasp height,0.1200,0.360,-0.370,0.875
grasp height,0.1200,0.400,-0.370,0.750
grasp height,0.1200,0.440,-0.370,0.750
grasp height,0.1200,0.480,-0.370,0.750
grasp height,0.1200,0.520,-0.370,0.750
grasp height,0.1200,0.560,-0.370,0.875
grasp height,0.1200,0.600,-0.370,0.875
grasp height,0.1200,0.640,-0.370,0.875
grasp height,0.1200,0.680,-0.370,0.875
grasp height,0.1200,0.720,-0.370,0.000
grasp height,0.1200,0.760,-0.370,0.000
grasp height,0.1200,0.800,-0.370,0.000
grasp height,0.1200,0.840,-0.370,0.000
grasp height,0.1200,0.000,-0.330,1.000
grasp height,0.1200,0.040,-0.330,0.875
grasp height,0.1200,0.080,-0.330,0.875
grasp height,0.1200,0.120,-0.330,0.875
grasp height,0.1200,0.160,-0.330,0.875
grasp height,0.1200,0.200,-0.330,0.875
grasp height,0.1200,0.240,-0.330,0.875
grasp height,0.1200,0.280,-0.330,0.875
grasp height,0.1200,0.320,-0.330,0.875
grasp height,0.1200,0.360,-0.330,0.750
grasp height,0.1200,0.400,-0.330,0.750
grasp height,0.1200,0.440,-0.330,0.750
grasp height,0.1200,0.480,-0.330,0.750
grasp height,0.1200,0.520,-0.330,0.875
grasp height,0.1200,0.560,-0.330,0.875
grasp height,0.1200,0.600,-0.330,0.875
grasp height,0.1200,0.640,-0.330,0.875
grasp height,0.1200,0.680,-0.330,0.875
grasp height,0.1200,0.720,-0.330,0.875
grasp height,0.1200,0.760,-0.330,0.000
grasp height,0.1200,0.800,-0.330,0.000
grasp height,0.1200,0.840,-0.330,0.000
grasp height,0.1200,0.000,-0.290,0.875
grasp height,0.1200,0.040,-0.290,0.875
grasp height,0.1200,0.080,-0.290,0.875
grasp height,0.1200,0.120,-0.290,0.875
grasp height,0.1200,0.160,-0.290,0.875
grasp height,0.1200,0.200,-0.290,0.875
grasp height,0.1200,0.240,-0.290,0.875
grasp height,0.1200,0.280,-0.290,0.875
grasp height,0.1200,0.320,-0.290,0.750
grasp height,0.1200,0.360,-0.290,0.750
grasp height,0.1200,0.400,-0.290,0.750
grasp height,0.1200,0.440,-0.290,0.750
grasp height,0.1200,0.480,-0.290,0.875
grasp height,0.1200,0.520,-0.290,0.875
grasp height,0.1200,0.560,-0.290,0.875
grasp height,0.1200,0.600,-0.290,0.875
grasp height,0.1200,0.640,-0.290,0.875
grasp height,0.1200,0.680,-0.290,0.875
grasp height,0.1200,0.720,-0.290,0.875
grasp height,0.1200,0.760,-0.290,0.000
grasp height,0.1200,0.800,-0.290,0.000
grasp height,0.1200,0.840,-0.290,0.000
grasp height,0.1200,0.000,-0.250,0.000
grasp height,0.1200,0.040,-0.250,0.000
grasp height,0.1200,0.080,-0.250,0.000
grasp height,0.1200,0.120,-0.250,0.000
grasp height,0.1200,0.160,-0.250,1.000
grasp height,0.1200,0.200,-0.250,0.875
grasp height,0.1200,0.240,-0.250,0.875
grasp height,0.1200,0.280,-0.250,0.750
grasp height,0.1200,0.320,-0.250,0.750
grasp height,0.1200,0.360,-0.250,0.750
grasp height,0.1200,0.400,-0.250,0.750
grasp height,0.1200,0.440,-0.250,0.875
grasp height,0.1200,0.480,-0.250,0.875
grasp height,0.1200,0.520,-0.250,0.875
grasp height,0.1200,0.560,-0.250,0.875
grasp height,0.1200,0.600,-0.250,0.875
grasp height,0.1200,0.640,-0.250,0.875
grasp height,0.1200,0.680,-0.250,0.875
grasp height,0.1200,0.720,-0.250,0.875
grasp height,0.1200,0.760,-0.250,0.875
grasp height,0.1200,0.800,-0.250,0.000
grasp height,0.1200,0.840,-0.250,0.000
grasp height,0.1200,0.000,-0.210,0.000
grasp height,0.1200,0.040,-0.210,0.000
grasp height,0.1200,0.080,-0.210,0.000
grasp height,0.1200,0.120,-0.210,0.000
grasp height,0.1200,0.160,-0.210,0.000
grasp height,0.1200,0.200,-0.210,1.000
grasp height,0.1200,0.240,-0.210,0.875
grasp height,0.1200,0.280,-0.210,0.875
grasp height,0.1200,0.320,-0.210,0.875
grasp height,0.1200,0.360,-0.210,0.875
grasp height,0.1200,0.400,-0.210,0.875
grasp height,0.1200,0.440,-0.210,0.875
grasp height,0.1200,0.480,-0.210,0.875
grasp height,0.1200,0.520,-0.210,0.875
grasp height,0.1200,0.560,-0.210,0.875
grasp height,0.1200,0.600,-0.210,0.875
grasp height,0.1200,0.640,-0.210,0.875
grasp height,0.1200,0.680,-0.210,0.875
grasp height,0.1200,0.720,-0.210,0.875
grasp height,0.1200,0.760,-0.210,0.875
grasp height,0.1200,0.800,-0.210,0.000
grasp height,0.1200,0.840,-0.210,0.000
grasp height,0.1200,0.000,-0.170,0.000
grasp height,0.1200,0.040,-0.170,0.000
grasp height,0.1200,0.080,-0.170,0.000
grasp height,0.1200,0.120,-0.170,0.000
grasp height,0.1200,0.160,-0.170,0.000
grasp height,0.1200,0.200,-0.170,0.000
grasp height,0.1200,0.240,-0.170,0.875
grasp height,0.1200,0.280,-0.170,0.875
grasp height,0.1200,0.320,-0.170,0.875
grasp height,0.1200,0.360,-0.170,0.875
grasp height,0.1200,0.400,-0.170,0.875
grasp height,0.1200,0.440,-0.170,0.875
grasp height,0.1200,0.480,-0.170,0.875
grasp height,0.1200,0.520,-0.170,0.875
grasp height,0.1200,0.560,-0.170,0.875
grasp height,0.1200,0.600,-0.170,0.875
grasp height,0.1200,0.640,-0.170,0.875
grasp height,0.1200,0.680,-0.170,0.875
grasp height,0.1200,0.720,-0.170,0.875
grasp height,0.1200,0.760,-0.170,0.875
grasp height,0.1200,0.800,-0.170,0.000
grasp height,0.1200,0.840,-0.170,0.000
grasp height,0.1200,0.000,-0.130,0.000
grasp height,0.1200,0.040,-0.130,0.000
grasp height,0.1200,0.080,-0.130,0.000
grasp height,0.1200,0.120,-0.130,0.000
grasp height,0.1200,0.160,-0.130,0.000
grasp height,0.1200,0.200,-0.130,0.000
grasp height,0.1200,0.240,-0.130,0.000
grasp height,0.1200,0.280,-0.130,0.875
grasp height,0.1200,0.320,-0.130,0.875
grasp height,0.1200,0.360,-0.130,0.875
grasp height,0.1200,0.400,-0.130,0.875
grasp height,0.1200,0.440,-0.130,0.875
grasp height,0.1200,0.480,-0.130,0.875
grasp height,0.1200,0.520,-0.130,0.875
grasp height,0.1200,0.560,-0.130,0.875
grasp height,0.1200,0.600,-0.130,0.875
grasp height,0.1200,0.640,-0.130,0.875
grasp height,0.1200,0.680,-0.130,0.875
grasp height,0.1200,0.720,-0.130,0.875
grasp height,0.1200,0.760,-0.130,0.875
grasp height,0.1200,0.800,-0.130,0.000
grasp height,0.1200,0.840,-0.130,0.000
grasp height,0.1200,0.000,-0.090,0.000
grasp height,0.1200,0.040,-0.090,0.000
grasp height,0.1200,0.080,-0.090,0.000
grasp height,0.1200,0.120,-0.090,0.000
grasp height,0.1200,0.160,-0.090,0.000
grasp height,0.1200,0.200,-0.090,0.000
grasp height,0.1200,0.240,-0.090,0.000
grasp height,0.1200,0.280,-0.090,0.875
grasp height,0.1200,0.320,-0.090,0.875
grasp height,0.1200,0.360,-0.090,0.875
grasp height,0.1200,0.400,-0.090,0.875
grasp height,0.1200,0.440,-0.090,0.875
grasp height,0.1200,0.480,-0.090,0.875
grasp height,0.1200,0.520,-0.090,0.875
grasp height,0.1200,0.560,-0.090,0.875
grasp height,0.1200,0.600,-0.090,0.875
grasp height,0.1200,0.640,-0.090,0.875
grasp height,0.1200,0.680,-0.090,0.875
grasp height,0.1200,0.720,-0.090,0.875
grasp height,0.1200,0.760,-0.090,0.875
grasp height,0.1200,0.800,-0.090,0.875
grasp height,0.1200,0.840,-0.090,0.000
grasp height,0.1200,0.000,-0.050,0.000
grasp height,0.1200,0.040,-0.050,0.000
grasp height,0.1200,0.080,-0.050,0.000
grasp height,0.1200,0.120,-0.050,0.000
grasp height,0.1200,0.160,-0.050,0.000
grasp height,0.1200,0.200,-0.050,0.000
grasp height,0.1200,0.240,-0.050,0.000
grasp height,0.1200,0.280,-0.050,0.000
grasp height,0.1200,0.320,-0.050,0.875
grasp height,0.1200,0.360,-0.050,0.875
grasp height,0.1200,0.400,-0.050,0.875
grasp height,0.1200,0.440,-0.050,0.875
grasp height,0.1200,0.480,-0.050,0.875
grasp height,0.1200,0.520,-0.050,0.875
grasp height,0.1200,0.560,-0.050,0.875
grasp height,0.1200,0.600,-0.050,0.875
grasp height,0.1200,0.640,-0.050,0.875
grasp height,0.1200,0.680,-0.050,0.875
grasp height,0.1200,0.720,-0.050,0.875
grasp height,0.1200,0.760,-0.050,0.875
grasp height,0.1200,0.800,-0.050,0.875
grasp height,0.1200,0.840,-0.050,0.000
grasp height,0.1200,0.000,-0.010,0.000
grasp height,0.1200,0.040,-0.010,0.000
grasp height,0.1200,0.080,-0.010,0.000
grasp height,0.1200,0.120,-0.010,0.000
grasp height,0.1200,0.160,-0.010,0.000
grasp height,0.1200,0.200,-0.010,0.000
grasp height,0.1200,0.240,-0.010,0.000
grasp height,0.1200,0.280,-0.010,0.000
grasp height,0.1200,0.320,-0.010,0.875
grasp height,0.1200,0.360,-0.010,0.875
grasp height,0.1200,0.400,-0.010,0.875
grasp height,0.1200,0.440,-0.010,0.875
grasp height,0.1200,0.480,-0.010,0.875
grasp height,0.1200,0.520,-0.010,0.875
grasp height,0.1200,0.560,-0.010,0.875
grasp height,0.1200,0.600,-0.010,0.875
grasp height,0.1200,0.640,-0.010,0.875
grasp height,0.1200,0.680,-0.010,0.875
grasp height,0.1200,0.720,-0.010,0.875
grasp height,0.1200,0.760,-0.010,0.875
grasp height,0.1200,0.800,-0.010,0.875
grasp height,0.1200,0.840,-0.010,0.000
grasp height,0.1200,0.000,0.030,0.000
grasp height,0.1200,0.040,0.030,0.000
grasp height,0.1200,0.080,0.030,0.000
grasp height,0.1200,0.120,0.030,0.000
grasp height,0.1200,0.160,0.030,0.000
grasp height,0.1200,0.200,0.030,0.000
grasp height,0.1200,0.240,0.030,0.000
grasp height,0.1200,0.280,0.030,0.000
grasp height,0.1200,0.320,0.030,0.875
grasp height,0.1200,0.360,0.030,0.875
grasp height,0.1200,0.400,0.030,0.875
grasp height,0.1200,0.440,0.030,0.875
grasp height,0.1200,0.480,0.030,0.875
grasp height,0.1200,0.520,0.030,0.875
grasp height,0.1200,0.560,0.030,0.875
grasp height,0.1200,0.600,0.030,0.875
grasp height,0.1200,0.640,0.030,0.875
grasp height,0.1200,0.680,0.030,0.875
grasp height,0.1200,0.720,0.030,0.875
grasp height,0.1200,0.760,0.030,0.875
grasp height,0.1200,0.800,0.030,0.875
grasp height,0.1200,0.840,0.030,0.000
grasp height,0.1200,0.000,0.070,0.000
grasp height,0.1200,0.040,0.070,0.000
grasp height,0.1200,0.080,0.070,0.000
grasp height,0.1200,0.120,0.070,0.000
grasp height,0.1200,0.160,0.070,0.000
grasp height,0.1200,0.200,0.070,0.000
grasp height,0.1200,0.240,0.070,0.000
grasp height,0.1200,0.280,0.070,0.625
grasp height,0.1200,0.320,0.070,1.000
grasp height,0.1200,0.360,0.070,0.875
grasp height,0.1200,0.400,0.070,0.875
grasp height,0.1200,0.440,0.070,0.875
grasp height,0.1200,0.480,0.070,0.875
grasp height,0.1200,0.520,0.070,0.875
grasp height,0.1200,0.560,0.070,0.875
grasp height,0.1200,0.600,0.070,0.875
grasp height,0.1200,0.640,0.070,0.875
grasp height,0.1200,0.680,0.070,0.875
grasp height,0.1200,0.720,0.070,0.875
grasp height,0.1200,0.760,0.070,0.875
grasp height,0.1200,0.800,0.070,0.875
grasp height,0.1200,0.840,0.070,0.000
grasp height,0.1200,0.000,0.110,0.000
grasp height,0.1200,0.040,0.110,0.000
grasp height,0.1200,0.080,0.110,0.000
grasp height,0.1200,0.120,0.110,0.000
grasp height,0.1200,0.160,0.110,0.000
grasp height,0.1200,0.200,0.110,0.000
grasp height,0.1200,0.240,0.110,0.000
grasp height,0.1200,0.280,0.110,1.000
grasp height,0.1200,0.320,0.110,1.000
grasp height,0.1200,0.360,0.110,1.000
grasp height,0.1200,0.400,0.110,1.000
grasp height,0.1200,0.440,0.110,1.000
grasp height,0.1200,0.480,0.110,1.000
grasp height,0.1200,0.520,0.110,1.000
grasp height,0.1200,0.560,0.110,1.000
grasp height,0.1200,0.600,0.110,1.000
grasp height,0.1200,0.640,0.110,1.000
grasp height,0.1200,0.680,0.110,1.000
grasp height,0.1200,0.720,0.110,1.000
grasp height,0.1200,0.760,0.110,0.875
grasp height,0.1200,0.800,0.110,0.875
grasp height,0.1200,0.840,0.110,0.000
grasp height,0.1200,0.000,0.150,0.000
grasp height,0.1200,0.040,0.150,0.000
grasp height,0.1200,0.080,0.150,0.000
grasp height,0.1200,0.120,0.150,0.000
grasp height,0.1200,0.160,0.150,0.000
grasp height,0.1200,0.200,0.150,0.000
grasp height,0.1200,0.240,0.150,0.250
grasp height,0.1200,0.280,0.150,1.000
grasp height,0.1200,0.320,0.150,1.000
grasp height,0.1200,0.360,0.150,1.000
grasp height,0.1200,0.400,0.150,1.000
grasp height,0.1200,0.440,0.150,1.000
grasp height,0.1200,0.480,0.150,1.000
grasp height,0.1200,0.520,0.150,1.000
grasp height,0.1200,0.560,0.150,1.000
grasp height,0.1200,0.600,0.150,1.000
grasp height,0.1200,0.640,0.150,1.000
grasp height,0.1200,0.680,0.150,1.000
grasp height,0.1200,0.720,0.150,1.000
grasp height,0.1200,0.760,0.150,1.000
grasp height,0.1200,0.800,0.150,0.000
grasp height,0.1200,0.840,0.150,0.000
grasp height,0.1200,0.000,0.190,0.000
grasp height,0.1200,0.040,0.190,0.000
grasp height,0.1200,0.080,0.190,0.000
grasp height,0.1200,0.120,0.190,0.000
grasp height,0.1200,0.160,0.190,0.000
grasp height,0.1200,0.200,0.190,0.250
grasp height,0.1200,0.240,0.190,1.000
grasp height,0.1200,0.280,0.190,1.000
grasp height,0.1200,0.320,0.190,1.000
grasp height,0.1200,0.360,0.190,1.000
grasp height,0.1200,0.400,0.190,1.000
grasp height,0.1200,0.440,0.190,1.000
grasp height,0.1200,0.480,0.190,1.000
grasp height,0.1200,0.520,0.190,1.000
grasp height,0.1200,0.560,0.190,1.000
grasp height,0.1200,0.600,0.190,1.000
grasp height,0.1200,0.640,0.190,1.000
grasp height,0.1200,0.680,0.190,1.000
grasp height,0.1200,0.720,0.190,1.000
grasp height,0.1200,0.760,0.190,1.000
grasp height,0.1200,0.800,0.190,0.000
grasp height,0.1200,0.840,0.190,0.000
grasp height,0.1200,0.000,0.230,0.000
grasp height,0.1200,0.040,0.230,0.000
grasp height,0.1200,0.080,0.230,0.000
grasp height,0.1200,0.120,0.230,0.000
grasp height,0.1200,0.160,0.230,0.375
grasp height,0.1200,0.200,0.230,1.000
grasp height,0.1200,0.240,0.230,1.000
grasp height,0.1200,0.280,0.230,1.000
grasp height,0.1200,0.320,0.230,0.875
grasp height,0.1200,0.360,0.230,0.875
grasp height,0.1200,0.400,0.230,0.875
grasp height,0.1200,0.440,0.230,0.875
grasp height,0.1200,0.480,0.230,1.000
grasp height,0.1200,0.520,0.230,1.000
grasp height,0.1200,0.560,0.230,1.000
grasp height,0.1200,0.600,0.230,1.000
grasp height,0.1200,0.640,0.230,1.000
grasp height,0.1200,0.680,0.230,1.000
grasp height,0.1200,0.720,0.230,1.000
grasp height,0.1200,0.760,0.230,1.000
grasp height,0.1200,0.800,0.230,0.000
grasp height,0.1200,0.840,0.230,0.000
grasp height,0.1200,0.000,0.270,0.000
grasp height,0.1200,0.040,0.270,0.000
grasp height,0.1200,0.080,0.270,0.375
grasp height,0.1200,0.120,0.270,1.000
grasp height,0.1200,0.160,0.270,1.000
grasp height,0.1200,0.200,0.270,1.000
grasp height,0.1200,0.240,0.270,0.875
grasp height,0.1200,0.280,0.270,0.875
grasp height,0.1200,0.320,0.270,0.875
grasp height,0.1200,0.360,0.270,0.875
grasp height,0.1200,0.400,0.270,0.875
grasp height,0.1200,0.440,0.270,0.875
grasp height,0.1200,0.480,0.270,0.875
grasp height,0.1200,0.520,0.270,1.000
grasp height,0.1200,0.560,0.270,1.000
grasp height,0.1200,0.600,0.270,1.000
grasp height,0.1200,0.640,0.270,1.000
grasp height,0.1200,0.680,0.270,1.000
grasp height,0.1200,0.720,0.270,1.000
grasp height,0.1200,0.760,0.270,1.000
grasp height,0.1200,0.800,0.270,0.000
grasp height,0.1200,0.840,0.270,0.000
grasp height,0.1200,0.000,0.310,1.000
grasp height,0.1200,0.040,0.310,1.000
grasp height,0.1200,0.080,0.310,1.000
grasp height,0.1200,0.120,0.310,1.000
grasp height,0.1200,0.160,0.310,1.000
grasp height,0.1200,0.200,0.310,0.875
grasp height,0.1200,0.240,0.310,0.875
grasp height,0.1200,0.280,0.310,0.875
grasp height,0.1200,0.320,0.310,0.875
grasp height,0.1200,0.360,0.310,0.875
grasp height,0.1200,0.400,0.310,0.875
grasp height,0.1200,0.440,0.310,0.875
grasp height,0.1200,0.480,0.310,0.875
grasp height,0.1200,0.520,0.310,0.875
grasp height,0.1200,0.560,0.310,1.000
grasp height,0.1200,0.600,0.310,1.000
grasp height,0.1200,0.640,0.310,1.000
grasp height,0.1200,0.680,0.310,1.000
grasp height,0.1200,0.720,0.310,1.000
grasp height,0.1200,0.760,0.310,0.000
grasp height,0.1200,0.800,0.310,0.000
grasp height,0.1200,0.840,0.310,0.000
grasp height,0.1200,0.000,0.350,1.000
grasp height,0.1200,0.040,0.350,1.000
grasp height,0.1200,0.080,0.350,1.000
grasp height,0.1200,0.120,0.350,1.000
grasp height,0.1200,0.160,0.350,1.000
grasp height,0.1200,0.200,0.350,1.000
grasp height,0.1200,0.240,0.350,0.875
grasp height,0.1200,0.280,0.350,0.875
grasp height,0.1200,0.320,0.350,0.875
grasp height,0.1200,0.360,0.350,0.875
grasp height,0.1200,0.400,0.350,0.875
grasp height,0.1200,0.440,0.350,0.875
grasp height,0.1200,0.480,0.350,0.875
grasp height,0.1200,0.520,0.350,0.875
grasp height,0.1200,0.560,0.350,0.875
grasp height,0.1200,0.600,0.350,1.000
grasp height,0.1200,0.640,0.350,1.000
grasp height,0.1200,0.680,0.350,1.000
grasp height,0.1200,0.720,0.350,1.000
grasp height,0.1200,0.760,0.350,0.000
grasp height,0.1200,0.800,0.350,0.000
grasp height,0.1200,0.840,0.350,0.000
grasp height,0.1200,0.000,0.390,1.000
grasp height,0.1200,0.040,0.390,1.000
grasp height,0.1200,0.080,0.390,1.000
grasp height,0.1200,0.120,0.390,1.000
grasp height,0.1200,0.160,0.390,0.875
grasp height,0.1200,0.200,0.390,1.000
grasp height,0.1200,0.240,0.390,0.875
grasp height,0.1200,0.280,0.390,0.875
grasp height,0.1200,0.320,0.390,0.875
grasp height,0.1200,0.360,0.390,0.875
grasp height,0.1200,0.400,0.390,0.875
grasp height,0.1200,0.440,0.390,0.875
grasp height,0.1200,0.480,0.390,0.875
grasp height,0.1200,0.520,0.390,0.875
grasp height,0.1200,0.560,0.390,0.875
grasp height,0.1200,0.600,0.390,0.875
grasp height,0.1200,0.640,0.390,1.000
grasp height,0.1200,0.680,0.390,1.000
grasp height,0.1200,0.720,0.390,0.000
grasp height,0.1200,0.760,0.390,0.000
grasp height,0.1200,0.800,0.390,0.000
grasp height,0.1200,0.840,0.390,0.000
grasp height,0.1200,0.000,0.430,1.000
grasp height,0.1200,0.040,0.430,1.000
grasp height,0.1200,0.080,0.430,1.000
grasp height,0.1200,0.120,0.430,1.000
grasp height,0.1200,0.160,0.430,0.875
grasp height,0.1200,0.200,0.430,0.875
grasp height,0.1200,0.240,0.430,1.000
grasp height,0.1200,0.280,0.430,0.875
grasp height,0.1200,0.320,0.430,0.875
grasp height,0.1200,0.360,0.430,0.875
grasp height,0.1200,0.400,0.430,0.875
grasp height,0.1200,0.440,0.430,0.875
grasp height,0.1200,0.480,0.430,0.875
grasp height,0.1200,0.520,0.430,0.875
grasp height,0.1200,0.560,0.430,0.875
grasp height,0.1200,0.600,0.430,0.875
grasp height,0.1200,0.640,0.430,0.875
grasp height,0.1200,0.680,0.430,1.000
grasp height,0.1200,0.720,0.430,0.000
grasp height,0.1200,0.760,0.430,0.000
grasp height,0.1200,0.800,0.430,0.000
grasp height,0.1200,0.840,0.430,0.000
grasp height,0.1200,0.000,0.470,1.000
grasp height,0.1200,0.040,0.470,1.000
grasp height,0.1200,0.080,0.470,1.000
grasp height,0.1200,0.120,0.470,0.875
grasp height,0.1200,0.160,0.470,0.875
grasp height,0.1200,0.200,0.470,0.875
grasp height,0.1200,0.240,0.470,0.875
grasp height,0.1200,0.280,0.470,1.000
grasp height,0.1200,0.320,0.470,0.875
grasp height,0.1200,0.360,0.470,0.875
grasp height,0.1200,0.400,0.470,0.875
grasp height,0.1200,0.440,0.470,0.875
grasp height,0.1200,0.480,0.470,0.875
grasp height,0.1200,0.520,0.470,0.875
grasp height,0.1200,0.560,0.470,0.875
grasp height,0.1200,0.600,0.470,0.875
grasp height,0.1200,0.640,0.470,0.875
grasp height,0.1200,0.680,0.470,0.000
grasp height,0.1200,0.720,0.470,0.000
grasp height,0.1200,0.760,0.470,0.000
grasp height,0.1200,0.800,0.470,0.000
grasp height,0.1200,0.840,0.470,0.000
grasp height,0.1200,0.000,0.510,1.000
grasp height,0.1200,0.040,0.510,1.000
grasp height,0.1200,0.080,0.510,1.000
grasp height,0.1200,0.120,0.510,0.875
grasp height,0.1200,0.160,0.510,0.875
grasp height,0.1200,0.200,0.510,0.875
grasp height,0.1200,0.240,0.510,0.875
grasp height,0.1200,0.280,0.510,1.000
grasp height,0.1200,0.320,0.510,1.000
grasp height,0.1200,0.360,0.510,0.875
grasp height,0.1200,0.400,0.510,0.875
grasp height,0.1200,0.440,0.510,0.875
grasp height,0.1200,0.480,0.510,0.875
grasp height,0.1200,0.520,0.510,0.875
grasp height,0.1200,0.560,0.510,0.875
grasp height,0.1200,0.600,0.510,0.875
grasp height,0.1200,0.640,0.510,0.000
grasp height,0.1200,0.680,0.510,0.000
grasp height,0.1200,0.720,0.510,0.000
grasp height,0.1200,0.760,0.510,0.000
grasp height,0.1200,0.800,0.510,0.000
grasp height,0.1200,0.840,0.510,0.000
transit height,0.2500,0.000,-0.530,1.000
transit height,0.2500,0.040,-0.530,0.750
transit height,0.2500,0.080,-0.530,0.750
transit height,0.2500,0.120,-0.530,0.750
transit height,0.2500,0.160,-0.530,0.875
transit height,0.2500,0.200,-0.530,0.875
transit height,0.2500,0.240,-0.530,0.875
transit height,0.2500,0.280,-0.530,0.875
transit height,0.2500,0.320,-0.530,0.875
transit height,0.2500,0.360,-0.530,0.875
transit height,0.2500,0.400,-0.530,0.875
transit height,0.2500,0.440,-0.530,0.875
transit height,0.2500,0.480,-0.530,0.875
transit height,0.2500,0.520,-0.530,0.875
transit height,0.2500,0.560,-0.530,0.750
transit height,0.2500,0.600,-0.530,0.000
transit height,0.2500,0.640,-0.530,0.000
transit height,0.2500,0.680,-0.530,0.000
transit height,0.2500,0.720,-0.530,0.000
transit height,0.2500,0.760,-0.530,0.000
transit height,0.2500,0.800,-0.530,0.000
transit height,0.2500,0.840,-0.530,0.000
transit height,0.2500,0.000,-0.490,1.000
transit height,0.2500,0.040,-0.490,0.875
transit height,0.2500,0.080,-0.490,0.875
transit height,0.2500,0.120,-0.490,0.875
transit height,0.2500,0.160,-0.490,0.875
transit height,0.2500,0.200,-0.490,0.875
transit height,0.2500,0.240,-0.490,0.875
transit height,0.2500,0.280,-0.490,0.875
transit height,0.2500,0.320,-0.490,0.875
transit height,0.2500,0.360,-0.490,0.875
transit height,0.2500,0.400,-0.490,0.875
transit height,0.2500,0.440,-0.490,0.875
transit height,0.2500,0.480,-0.490,0.875
transit height,0.2500,0.520,-0.490,0.750
transit height,0.2500,0.560,-0.490,0.750
transit height,0.2500,0.600,-0.490,0.750
transit height,0.2500,0.640,-0.490,0.000
transit height,0.2500,0.680,-0.490,0.000
transit height,0.2500,0.720,-0.490,0.000
transit height,0.2500,0.760,-0.490,0.000
transit height,0.2500,0.800,-0.490,0.000
transit height,0.2500,0.840,-0.490,0.000
transit height,0.2500,0.000,-0.450,1.000
transit height,0.2500,0.040,-0.450,0.875
transit height,0.2500,0.080,-0.450,0.875
transit height,0.2500,0.120,-0.450,0.875
transit height,0.2500,0.160,-0.450,0.875
transit height,0.2500,0.200,-0.450,0.875
transit height,0.2500,0.240,-0.450,0.875
transit height,0.2500,0.280,-0.450,0.875
transit height,0.2500,0.320,-0.450,0.875
transit height,0.2500,0.360,-0.450,0.875
transit height,0.2500,0.400,-0.450,0.875
transit height,0.2500,0.440,-0.450,0.875
transit height,0.2500,0.480,-0.450,0.750
transit height,0.2500,0.520,-0.450,0.750
transit height,0.2500,0.560,-0.450,0.750
transit height,0.2500,0.600,-0.450,0.750
transit height,0.2500,0.640,-0.450,0.750
transit height,0.2500,0.680,-0.450,0.000
transit height,0.2500,0.720,-0.450,0.000
transit height,0.2500,0.760,-0.450,0.000
transit height,0.2500,0.800,-0.450,0.000
transit height,0.2500,0.840,-0.450,0.000
transit height,0.2500,0.000,-0.410,1.000
transit height,0.2500,0.040,-0.410,0.875
transit height,0.2500,0.080,-0.410,0.875
transit height,0.2500,0.120,-0.410,0.875
transit height,0.2500,0.160,-0.410,0.875
transit height,0.2500,0.200,-0.410,0.875
transit height,0.2500,0.240,-0.410,0.875
transit height,0.2500,0.280,-0.410,0.875
transit height,0.2500,0.320,-0.410,0.875
transit height,0.2500,0.360,-0.410,0.875
transit height,0.2500,0.400,-0.410,0.875
transit height,0.2500,0.440,-0.410,0.750
transit height,0.2500,0.480,-0.410,0.750
transit height,0.2500,0.520,-0.410,0.750
transit height,0.2500,0.560,-0.410,0.750
transit height,0.2500,0.600,-0.410,0.750
transit height,0.2500,0.640,-0.410,0.875
transit height,0.2500,0.680,-0.410,0.875
transit height,0.2500,0.720,-0.410,0.000
transit height,0.2500,0.760,-0.410,0.000
transit height,0.2500,0.800,-0.410,0.000
transit height,0.2500,0.840,-0.410,0.000
transit height,0.2500,0.000,-0.370,1.000
transit height,0.2500,0.040,-0.370,0.875
transit height,0.2500,0.080,-0.370,0.875
transit height,0.2500,0.120,-0.370,0.875
transit height,0.2500,0.160,-0.370,0.875
transit height,0.2500,0.200,-0.370,0.875
transit height,0.2500,0.240,-0.370,0.875
transit height,0.2500,0.280,-0.370,0.875
transit height,0.2500,0.320,-0.370,0.875
transit height,0.2500,0.360,-0.370,0.875
transit height,0.2500,0.400,-0.370,0.750
transit height,0.2500,0.440,-0.370,0.750
transit height,0.2500,0.480,-0.370,0.750
transit height,0.2500,0.520,-0.370,0.750
transit height,0.2500,0.560,-0.370,0.750
transit height,0.2500,0.600,-0.370,0.875
transit height,0.2500,0.640,-0.370,0.875
transit height,0.2500,0.680,-0.370,0.875
transit height,0.2500,0.720,-0.370,0.000
transit height,0.2500,0.760,-0.370,0.000
transit height,0.2500,0.800,-0.370,0.000
transit height,0.2500,0.840,-0.370,0.000
transit height,0.2500,0.000,-0.330,1.000
transit height,0.2500,0.040,-0.330,0.875
transit height,0.2500,0.080,-0.330,0.875
transit height,0.2500,0.120,-0.330,0.875
transit height,0.2500,0.160,-0.330,0.875
transit height,0.2500,0.200,-0.330,0.875
transit height,0.2500,0.240,-0.330,0.875
transit height,0.2500,0.280,-0.330,0.875
transit height,0.2500,0.320,-0.330,0.875
transit height,0.2500,0.360,-0.330,0.750
transit height,0.2500,0.400,-0.330,0.750
transit height,0.2500,0.440,-0.330,0.750
transit height,0.2500,0.480,-0.330,0.750
transit height,0.2500,0.520,-0.330,0.750
transit height,0.2500,0.560,-0.330,0.875
transit height,0.2500,0.600,-0.330,0.875
transit height,0.2500,0.640,-0.330,0.875
transit height,0.2500,0.680,-0.330,0.875
transit height,0.2500,0.720,-0.330,0.875
transit height,0.2500,0.760,-0.330,0.000
transit height,0.2500,0.800,-0.330,0.000
transit height,0.2500,0.840,-0.330,0.000
transit height,0.2500,0.000,-0.290,1.000
transit height,0.2500,0.040,-0.290,0.875
transit height,0.2500,0.080,-0.290,0.875
transit height,0.2500,0.120,-0.290,0.875
transit height,0.2500,0.160,-0.290,0.875
transit height,0.2500,0.200,-0.290,1.000
transit height,0.2500,0.240,-0.290,1.000
transit height,0.2500,0.280,-0.290,0.875
transit height,0.2500,0.320,-0.290,0.750
transit height,0.2500,0.360,-0.290,0.750
transit height,0.2500,0.400,-0.290,0.750
transit height,0.2500,0.440,-0.290,0.750
transit height,0.2500,0.480,-0.290,0.750
transit height,0.2500,0.520,-0.290,0.875
transit height,0.2500,0.560,-0.290,0.875
transit height,0.2500,0.600,-0.290,0.875
transit height,0.2500,0.640,-0.290,0.875
transit height,0.2500,0.680,-0.290,0.875
transit height,0.2500,0.720,-0.290,0.875
transit height,0.2500,0.760,-0.290,0.000
transit height,0.2500,0.800,-0.290,0.000
transit height,0.2500,0.840,-0.290,0.000
transit height,0.2500,0.000,-0.250,1.000
transit height,0.2500,0.040,-0.250,0.875
transit height,0.2500,0.080,-0.250,0.875
transit height,0.2500,0.120,-0.250,1.000
transit height,0.2500,0.160,-0.250,1.000
transit height,0.2500,0.200,-0.250,1.000
transit height,0.2500,0.240,-0.250,1.000
transit height,0.2500,0.280,-0.250,0.875
transit height,0.2500,0.320,-0.250,0.875
transit height,0.2500,0.360,-0.250,0.875
transit height,0.2500,0.400,-0.250,0.875
transit height,0.2500,0.440,-0.250,0.875
transit height,0.2500,0.480,-0.250,0.875
transit height,0.2500,0.520,-0.250,0.875
transit height,0.2500,0.560,-0.250,0.875
transit height,0.2500,0.600,-0.250,0.875
transit height,0.2500,0.640,-0.250,0.875
transit height,0.2500,0.680,-0.250,0.875
transit height,0.2500,0.720,-0.250,0.875
transit height,0.2500,0.760,-0.250,0.000
transit height,0.2500,0.800,-0.250,0.000
transit height,0.2500,0.840,-0.250,0.000
transit height,0.2500,0.000,-0.210,0.125
transit height,0.2500,0.040,-0.210,0.000
transit height,0.2500,0.080,-0.210,0.250
transit height,0.2500,0.120,-0.210,0.875
transit height,0.2500,0.160,-0.210,1.000
transit height,0.2500,0.200,-0.210,1.000
transit height,0.2500,0.240,-0.210,0.875
transit height,0.2500,0.280,-0.210,0.875
transit height,0.2500,0.320,-0.210,0.875
transit height,0.2500,0.360,-0.210,0.875
transit height,0.2500,0.400,-0.210,0.875
transit height,0.2500,0.440,-0.210,0.875
transit height,0.2500,0.480,-0.210,0.875
transit height,0.2500,0.520,-0.210,0.875
transit height,0.2500,0.560,-0.210,0.875
transit height,0.2500,0.600,-0.210,0.875
transit height,0.2500,0.640,-0.210,0.875
transit height,0.2500,0.680,-0.210,0.875
transit height,0.2500,0.720,-0.210,0.875
transit height,0.2500,0.760,-0.210,0.875
transit height,0.2500,0.800,-0.210,0.000
transit height,0.2500,0.840,-0.210,0.000
transit height,0.2500,0.000,-0.170,0.000
transit height,0.2500,0.040,-0.170,0.000
transit height,0.2500,0.080,-0.170,0.000
transit height,0.2500,0.120,-0.170,0.000
transit height,0.2500,0.160,-0.170,0.250
transit height,0.2500,0.200,-0.170,0.875
transit height,0.2500,0.240,-0.170,0.875
transit height,0.2500,0.280,-0.170,0.875
transit height,0.2500,0.320,-0.170,0.875
transit height,0.2500,0.360,-0.170,0.875
transit height,0.2500,0.400,-0.170,0.875
transit height,0.2500,0.440,-0.170,0.875
transit height,0.2500,0.480,-0.170,0.875
transit height,0.2500,0.520,-0.170,0.875
transit height,0.2500,0.560,-0.170,0.875
transit height,0.2500,0.600,-0.170,0.875
transit height,0.2500,0.640,-0.170,0.875
transit height,0.2500,0.680,-0.170,0.875
transit height,0.2500,0.720,-0.170,0.875
transit height,0.2500,0.760,-0.170,0.875
transit height,0.2500,0.800,-0.170,0.000
transit height,0.2500,0.840,-0.170,0.000
transit height,0.2500,0.000,-0.130,0.000
transit height,0.2500,0.040,-0.130,0.000
transit height,0.2500,0.080,-0.130,0.000
transit height,0.2500,0.120,-0.130,0.000
transit height,0.2500,0.160,-0.130,0.000
transit height,0.2500,0.200,-0.130,0.250
transit height,0.2500,0.240,-0.130,0.875
transit height,0.2500,0.280,-0.130,0.875
transit height,0.2500,0.320,-0.130,0.875
transit height,0.2500,0.360,-0.130,0.875
transit height,0.2500,0.400,-0.130,0.875
transit height,0.2500,0.440,-0.130,0.875
transit height,0.2500,0.480,-0.130,0.875
transit height,0.2500,0.520,-0.130,0.875
transit height,0.2500,0.560,-0.130,0.875
transit height,0.2500,0.600,-0.130,0.875
transit height,0.2500,0.640,-0.130,0.875
transit height,0.2500,0.680,-0.130,0.875
transit height,0.2500,0.720,-0.130,0.875
transit height,0.2500,0.760,-0.130,0.875
transit height,0.2500,0.800,-0.130,0.000
transit height,0.2500,0.840,-0.130,0.000
transit height,0.2500,0.000,-0.090,0.000
transit height,0.2500,0.040,-0.090,0.000
transit height,0.2500,0.080,-0.090,0.000
transit height,0.2500,0.120,-0.090,0.000
transit height,0.2500,0.160,-0.090,0.000
transit height,0.2500,0.200,-0.090,0.000
transit height,0.2500,0.240,-0.090,0.875
transit height,0.2500,0.280,-0.090,0.875
transit height,0.2500,0.320,-0.090,0.875
transit height,0.2500,0.360,-0.090,0.875
transit height,0.2500,0.400,-0.090,0.875
transit height,0.2500,0.440,-0.090,0.875
transit height,0.2500,0.480,-0.090,0.875
transit height,0.2500,0.520,-0.090,0.875
transit height,0.2500,0.560,-0.090,0.875
transit height,0.2500,0.600,-0.090,0.875
transit height,0.2500,0.640,-0.090,0.875
transit height,0.2500,0.680,-0.090,0.875
transit height,0.2500,0.720,-0.090,0.875
transit height,0.2500,0.760,-0.090,0.875
transit height,0.2500,0.800,-0.090,0.000
transit height,0.2500,0.840,-0.090,0.000
transit height,0.2500,0.000,-0.050,0.000
transit height,0.2500,0.040,-0.050,0.000
transit height,0.2500,0.080,-0.050,0.000
transit height,0.2500,0.120,-0.050,0.000
transit height,0.2500,0.160,-0.050,0.000
transit height,0.2500,0.200,-0.050,0.000
transit height,0.2500,0.240,-0.050,0.875
transit height,0.2500,0.280,-0.050,0.875
transit height,0.2500,0.320,-0.050,0.875
transit height,0.2500,0.360,-0.050,0.875
transit height,0.2500,0.400,-0.050,0.875
transit height,0.2500,0.440,-0.050,0.875
transit height,0.2500,0.480,-0.050,0.875
transit height,0.2500,0.520,-0.050,0.875
transit height,0.2500,0.560,-0.050,0.875
transit height,0.2500,0.600,-0.050,0.875
transit height,0.2500,0.640,-0.050,0.875
transit height,0.2500,0.680,-0.050,0.875
transit height,0.2500,0.720,-0.050,0.875
transit height,0.2500,0.760,-0.050,0.875
transit height,0.2500,0.800,-0.050,0.000
transit height,0.2500,0.840,-0.050,0.000
transit height,0.2500,0.000,-0.010,0.000
transit height,0.2500,0.040,-0.010,0.000
transit height,0.2500,0.080,-0.010,0.000
transit height,0.2500,0.120,-0.010,0.000
transit height,0.2500,0.160,-0.010,0.000
transit height,0.2500,0.200,-0.010,0.000
transit height,0.2500,0.240,-0.010,0.375
transit height,0.2500,0.280,-0.010,0.875
transit height,0.2500,0.320,-0.010,0.875
transit height,0.2500,0.360,-0.010,0.875
transit height,0.2500,0.400,-0.010,0.875
transit height,0.2500,0.440,-0.010,0.875
transit height,0.2500,0.480,-0.010,0.875
transit height,0.2500,0.520,-0.010,0.875
transit height,0.2500,0.560,-0.010,0.875
transit height,0.2500,0.600,-0.010,0.875
transit height,0.2500,0.640,-0.010,0.875
transit height,0.2500,0.680,-0.010,0.875
transit height,0.2500,0.720,-0.010,0.875
transit height,0.2500,0.760,-0.010,0.875
transit height,0.2500,0.800,-0.010,0.000
transit height,0.2500,0.840,-0.010,0.000
transit height,0.2500,0.000,0.030,0.000
transit height,0.2500,0.040,0.030,0.000
transit height,0.2500,0.080,0.030,0.000
transit height,0.2500,0.120,0.030,0.000
transit height,0.2500,0.160,0.030,0.000
transit height,0.2500,0.200,0.030,0.000
transit height,0.2500,0.240,0.030,0.500
transit height,0.2500,0.280,0.030,1.000
transit height,0.2500,0.320,0.030,1.000
transit height,0.2500,0.360,0.030,0.875
transit height,0.2500,0.400,0.030,0.875
transit height,0.2500,0.440,0.030,0.875
transit height,0.2500,0.480,0.030,0.875
transit height,0.2500,0.520,0.030,0.875
transit height,0.2500,0.560,0.030,0.875
transit height,0.2500,0.600,0.030,0.875
transit height,0.2500,0.640,0.030,0.875
transit height,0.2500,0.680,0.030,0.875
transit height,0.2500,0.720,0.030,0.875
transit height,0.2500,0.760,0.030,0.875
transit height,0.2500,0.800,0.030,0.000
transit height,0.2500,0.840,0.030,0.000
transit height,0.2500,0.000,0.070,0.000
transit height,0.2500,0.040,0.070,0.000
transit height,0.2500,0.080,0.070,0.000
transit height,0.2500,0.120,0.070,0.000
transit height,0.2500,0.160,0.070,0.000
transit height,0.2500,0.200,0.070,0.000
transit height,0.2500,0.240,0.070,1.000
transit height,0.2500,0.280,0.070,1.000
transit height,0.2500,0.320,0.070,1.000
transit height,0.2500,0.360,0.070,1.000
transit height,0.2500,0.400,0.070,0.875
transit height,0.2500,0.440,0.070,0.875
transit height,0.2500,0.480,0.070,0.875
transit height,0.2500,0.520,0.070,0.875
transit height,0.2500,0.560,0.070,0.875
transit height,0.2500,0.600,0.070,0.875
transit height,0.2500,0.640,0.070,0.875
transit height,0.2500,0.680,0.070,0.875
transit height,0.2500,0.720,0.070,0.875
transit height,0.2500,0.760,0.070,0.875
transit height,0.2500,0.800,0.070,0.000
transit height,0.2500,0.840,0.070,0.000
transit height,0.2500,0.000,0.110,0.000
transit height,0.2500,0.040,0.110,0.000
transit height,0.2500,0.080,0.110,0.000
transit height,0.2500,0.120,0.110,0.000
transit height,0.2500,0.160,0.110,0.000
transit height,0.2500,0.200,0.110,0.125
transit height,0.2500,0.240,0.110,1.000
transit height,0.2500,0.280,0.110,1.000
transit height,0.2500,0.320,0.110,1.000
transit height,0.2500,0.360,0.110,1.000
transit height,0.2500,0.400,0.110,1.000
transit height,0.2500,0.440,0.110,1.000
transit height,0.2500,0.480,0.110,0.875
transit height,0.2500,0.520,0.110,0.875
transit height,0.2500,0.560,0.110,0.875
transit height,0.2500,0.600,0.110,0.875
transit height,0.2500,0.640,0.110,0.875
transit height,0.2500,0.680,0.110,0.875
transit height,0.2500,0.720,0.110,0.875
transit height,0.2500,0.760,0.110,0.875
transit height,0.2500,0.800,0.110,0.000
transit height,0.2500,0.840,0.110,0.000
transit height,0.2500,0.000,0.150,0.000
transit height,0.2500,0.040,0.150,0.000
transit height,0.2500,0.080,0.150,0.000
transit height,0.2500,0.120,0.150,0.000
transit height,0.2500,0.160,0.150,0.125
transit height,0.2500,0.200,0.150,1.000
transit height,0.2500,0.240,0.150,1.000
transit height,0.2500,0.280,0.150,1.000
transit height,0.2500,0.320,0.150,1.000
transit height,0.2500,0.360,0.150,1.000
transit height,0.2500,0.400,0.150,1.000
transit height,0.2500,0.440,0.150,1.000
transit height,0.2500,0.480,0.150,1.000
transit height,0.2500,0.520,0.150,1.000
transit height,0.2500,0.560,0.150,1.000
transit height,0.2500,0.600,0.150,1.000
transit height,0.2500,0.640,0.150,1.000
transit height,0.2500,0.680,0.150,1.000
transit height,0.2500,0.720,0.150,1.000
transit height,0.2500,0.760,0.150,1.000
transit height,0.2500,0.800,0.150,0.000
transit height,0.2500,0.840,0.150,0.000
transit height,0.2500,0.000,0.190,0.000
transit height,0.2500,0.040,0.190,0.000
transit height,0.2500,0.080,0.190,0.125
transit height,0.2500,0.120,0.190,0.375
transit height,0.2500,0.160,0.190,1.000
transit height,0.2500,0.200,0.190,1.000
transit height,0.2500,0.240,0.190,1.000
transit height,0.2500,0.280,0.190,1.000
transit height,0.2500,0.320,0.190,1.000
transit height,0.2500,0.360,0.190,1.000
transit height,0.2500,0.400,0.190,1.000
transit height,0.2500,0.440,0.190,1.000
transit height,0.2500,0.480,0.190,1.000
transit height,0.2500,0.520,0.190,1.000
transit height,0.2500,0.560,0.190,1.000
transit height,0.2500,0.600,0.190,1.000
transit height,0.2500,0.640,0.190,1.000
transit height,0.2500,0.680,0.190,1.000
transit height,0.2500,0.720,0.190,1.000
transit height,0.2500,0.760,0.190,1.000
transit height,0.2500,0.800,0.190,0.000
transit height,0.2500,0.840,0.190,0.000
transit height,0.2500,0.000,0.230,0.500
transit height,0.2500,0.040,0.230,0.750
transit height,0.2500,0.080,0.230,1.000
transit height,0.2500,0.120,0.230,1.000
transit height,0.2500,0.160,0.230,1.000
transit height,0.2500,0.200,0.230,1.000
transit height,0.2500,0.240,0.230,1.000
transit height,0.2500,0.280,0.230,1.000
transit height,0.2500,0.320,0.230,1.000
transit height,0.2500,0.360,0.230,1.000
transit height,0.2500,0.400,0.230,1.000
transit height,0.2500,0.440,0.230,1.000
transit height,0.2500,0.480,0.230,1.000
transit height,0.2500,0.520,0.230,1.000
transit height,0.2500,0.560,0.230,1.000
transit height,0.2500,0.600,0.230,1.000
transit height,0.2500,0.640,0.230,1.000
transit height,0.2500,0.680,0.230,1.000
transit height,0.2500,0.720,0.230,1.000
transit height,0.2500,0.760,0.230,1.000
transit height,0.2500,0.800,0.230,0.000
transit height,0.2500,0.840,0.230,0.000
transit height,0.2500,0.000,0.270,1.000
transit height,0.2500,0.040,0.270,1.000
transit height,0.2500,0.080,0.270,1.000
transit height,0.2500,0.120,0.270,1.000
transit height,0.2500,0.160,0.270,1.000
transit height,0.2500,0.200,0.270,1.000
transit height,0.2500,0.240,0.270,1.000
transit height,0.2500,0.280,0.270,1.000
transit height,0.2500,0.320,0.270,1.000
transit height,0.2500,0.360,0.270,1.000
transit height,0.2500,0.400,0.270,1.000
transit height,0.2500,0.440,0.270,1.000
transit height,0.2500,0.480,0.270,1.000
transit height,0.2500,0.520,0.270,1.000
transit height,0.2500,0.560,0.270,1.000
transit height,0.2500,0.600,0.270,1.000
transit height,0.2500,0.640,0.270,1.000
transit height,0.2500,0.680,0.270,1.000
transit height,0.2500,0.720,0.270,1.000
transit height,0.2500,0.760,0.270,0.000
transit height,0.2500,0.800,0.270,0.000
transit height,0.2500,0.840,0.270,0.000
transit height,0.2500,0.000,0.310,1.000
transit height,0.2500,0.040,0.310,1.000
transit height,0.2500,0.080,0.310,1.000
transit height,0.2500,0.120,0.310,1.000
transit height,0.2500,0.160,0.310,1.000
transit height,0.2500,0.200,0.310,1.000
transit height,0.2500,0.240,0.310,1.000
transit height,0.2500,0.280,0.310,1.000
transit height,0.2500,0.320,0.310,0.875
transit height,0.2500,0.360,0.310,0.875
transit height,0.2500,0.400,0.310,0.875
transit height,0.2500,0.440,0.310,0.875
transit height,0.2500,0.480,0.310,0.875
transit height,0.2500,0.520,0.310,0.875
transit height,0.2500,0.560,0.310,1.000
transit height,0.2500,0.600,0.310,1.000
transit height,0.2500,0.640,0.310,1.000
transit height,0.2500,0.680,0.310,1.000
transit height,0.2500,0.720,0.310,1.000
transit height,0.2500,0.760,0.310,0.000
transit height,0.2500,0.800,0.310,0.000
transit height,0.2500,0.840,0.310,0.000
transit height,0.2500,0.000,0.350,1.000
transit height,0.2500,0.040,0.350,1.000
transit height,0.2500,0.080,0.350,1.000
transit height,0.2500,0.120,0.350,1.000
transit height,0.2500,0.160,0.350,1.000
transit height,0.2500,0.200,0.350,1.000
transit height,0.2500,0.240,0.350,0.875
transit height,0.2500,0.280,0.350,0.875
transit height,0.2500,0.320,0.350,0.875
transit height,0.2500,0.360,0.350,0.875
transit height,0.2500,0.400,0.350,0.875
transit height,0.2500,0.440,0.350,0.875
transit height,0.2500,0.480,0.350,0.875
transit height,0.2500,0.520,0.350,0.875
transit height,0.2500,0.560,0.350,0.875
transit height,0.2500,0.600,0.350,1.000
transit height,0.2500,0.640,0.350,1.000
transit height,0.2500,0.680,0.350,1.000
transit height,0.2500,0.720,0.350,0.000
transit height,0.2500,0.760,0.350,0.000
transit height,0.2500,0.800,0.350,0.000
transit height,0.2500,0.840,0.350,0.000
transit height,0.2500,0.000,0.390,1.000
transit height,0.2500,0.040,0.390,1.000
transit height,0.2500,0.080,0.390,1.000
transit height,0.2500,0.120,0.390,1.000
transit height,0.2500,0.160,0.390,1.000
transit height,0.2500,0.200,0.390,1.000
transit height,0.2500,0.240,0.390,1.000
transit height,0.2500,0.280,0.390,0.875
transit height,0.2500,0.320,0.390,0.875
transit height,0.2500,0.360,0.390,0.875
transit height,0.2500,0.400,0.390,0.875
transit height,0.2500,0.440,0.390,0.875
transit height,0.2500,0.480,0.390,0.875
transit height,0.2500,0.520,0.390,0.875
transit height,0.2500,0.560,0.390,0.875
transit height,0.2500,0.600,0.390,0.875
transit height,0.2500,0.640,0.390,1.000
transit height,0.2500,0.680,0.390,1.000
transit height,0.2500,0.720,0.390,0.000
transit height,0.2500,0.760,0.390,0.000
transit height,0.2500,0.800,0.390,0.000
transit height,0.2500,0.840,0.390,0.000
transit height,0.2500,0.000,0.430,1.000
transit height,0.2500,0.040,0.430,1.000
transit height,0.2500,0.080,0.430,1.000
transit height,0.2500,0.120,0.430,1.000
transit height,0.2500,0.160,0.430,1.000
transit height,0.2500,0.200,0.430,1.000
transit height,0.2500,0.240,0.430,1.000
transit height,0.2500,0.280,0.430,0.875
transit height,0.2500,0.320,0.430,0.875
transit height,0.2500,0.360,0.430,0.875
transit height,0.2500,0.400,0.430,0.875
transit height,0.2500,0.440,0.430,0.875
transit height,0.2500,0.480,0.430,0.875
transit height,0.2500,0.520,0.430,0.875
transit height,0.2500,0.560,0.430,0.875
transit height,0.2500,0.600,0.430,0.875
transit height,0.2500,0.640,0.430,0.875
transit height,0.2500,0.680,0.430,0.000
transit height,0.2500,0.720,0.430,0.000
transit height,0.2500,0.760,0.430,0.000
transit height,0.2500,0.800,0.430,0.000
transit height,0.2500,0.840,0.430,0.000
transit height,0.2500,0.000,0.470,1.000
transit height,0.2500,0.040,0.470,1.000
transit height,0.2500,0.080,0.470,1.000
transit height,0.2500,0.120,0.470,1.000
transit height,0.2500,0.160,0.470,1.000
transit height,0.2500,0.200,0.470,1.000
transit height,0.2500,0.240,0.470,1.000
transit height,0.2500,0.280,0.470,1.000
transit height,0.2500,0.320,0.470,0.875
transit height,0.2500,0.360,0.470,0.875
transit height,0.2500,0.400,0.470,0.875
transit height,0.2500,0.440,0.470,0.875
transit height,0.2500,0.480,0.470,0.875
transit height,0.2500,0.520,0.470,0.875
transit height,0.2500,0.560,0.470,0.875
transit height,0.2500,0.600,0.470,0.875
transit height,0.2500,0.640,0.470,0.875
transit height,0.2500,0.680,0.470,0.000
transit height,0.2500,0.720,0.470,0.000
transit height,0.2500,0.760,0.470,0.000
transit height,0.2500,0.800,0.470,0.000
transit height,0.2500,0.840,0.470,0.000
transit height,0.2500,0.000,0.510,1.000
transit height,0.2500,0.040,0.510,1.000
transit height,0.2500,0.080,0.510,1.000
transit height,0.2500,0.120,0.510,1.000
transit height,0.2500,0.160,0.510,0.875
transit height,0.2500,0.200,0.510,1.000
transit height,0.2500,0.240,0.510,1.000
transit height,0.2500,0.280,0.510,1.000
transit height,0.2500,0.320,0.510,0.875
transit height,0.2500,0.360,0.510,0.875
transit height,0.2500,0.400,0.510,0.875
transit height,0.2500,0.440,0.510,0.875
transit height,0.2500,0.480,0.510,0.875
transit height,0.2500,0.520,0.510,0.875
transit height,0.2500,0.560,0.510,0.875
transit height,0.2500,0.600,0.510,0.875
transit height,0.2500,0.640,0.510,0.000
transit height,0.2500,0.680,0.510,0.000
transit height,0.2500,0.720,0.510,0.000
transit height,0.2500,0.760,0.510,0.000
transit height,0.2500,0.800,0.510,0.000
transit height,0.2500,0.840,0.510,0.000
