episode,seed,robot,method,cube_x,cube_y,cube_yaw,success,failure_reason,failure_phase,failure_detail,ik_calls,ik_iters_total,ik_iters_mean,ik_iters_max,ik_time_total_s,ik_time_mean_ms,ik_nonconverged,ik_joint_limit_violations,ik_vel_violations,sim_joint_limit_violations,sim_joint_vel_violations,min_clear_cube_tray_m,min_clear_gripper_table_m,min_clear_gripper_tray_m,max_track_err_m,grasp_yaw,place_yaw,plan_time_s,plan_ik_iters,grasp_yaw_attempts,sim_time_s,wall_time_s
0,0,heal,mink,0.4092404218303636,0.004101888331380352,-2.8841484100105235,True,,,,358,268,0.7486033519553073,1,0.07310557900018466,0.2042055279334767,0,0,0,0,0,0.04652737065000062,0.0038967876793356004,0.01746392947086114,0.0018447499770057859,0.25744424357926965,0.0,0.01785827099956805,85,1,11.26000000000043,0.6200609870002154
1,1,heal,mink,0.3779554061750642,0.3172133003099303,-2.2358110930610913,True,,,,479,378,0.7891440501043842,1,0.07700073300065924,0.1607530960347792,0,0,0,0,0,0.043646997406933466,0.0025449296223054862,0.01757986236111594,0.0018447506669181603,0.9057815605287018,1.5707963267948966,0.012188596000214602,127,1,13.680000000001238,0.6433643299997129
2,2,heal,mink,0.3154030335623291,0.01730592597049674,1.9743385564396059,True,,,,347,261,0.7521613832853026,1,0.053635375991689216,0.15456880689247612,0,0,0,0,0,0.046455158171430415,0.003395154944928591,0.017487437819127483,0.0018447544415126226,0.4035422296447102,0.0,0.008725064999907772,91,1,11.040000000000356,0.5006980239995755
3,3,heal,mink,0.2714122917859061,-0.011067166965794129,1.8929632932132208,True,,,,341,257,0.7536656891495601,1,0.05287792899662236,0.1550672404593031,0,0,0,0,0,0.04652822830812814,0.003548122950968957,0.01749325789326478,0.0018447423491322749,0.3221669664183242,0.0,0.008285200000045734,85,1,10.920000000000316,0.4884951240001101
4,4,heal,mink,0.4857640263930919,0.11521067429460635,2.9923274543394056,True,,,,414,319,0.7705314009661836,1,0.06473630899517957,0.15636789612362215,0,0,0,0,0,0.04534030668172557,0.002541245482936161,0.01763947550115164,0.0018447539404972948,-0.14926519925038662,0.0,0.008959323999988555,92,1,12.380000000000804,0.5633741239998926
5,5,heal,mink,0.3214503450220354,-0.09519187690443803,-0.7328149346083426,True,,,,325,243,0.7476923076923077,1,0.05018794200486809,0.15442443693805566,0,0,0,0,0,0.03643477383484159,0.003386233070033856,0.017907926204933422,0.0018447500985939592,-0.7328149346083426,0.0,0.009209192000071198,95,1,10.60000000000021,0.4978298050000376
6,6,heal,mink,0.3845410878679858,0.037904600114135684,-0.8226747951461473,True,,,,361,273,0.7562326869806094,1,0.05588985899748877,0.1548195540096642,0,0,0,0,0,0.04674653086707098,0.003913632145519513,0.017465145265496612,0.0018447295551300826,0.7481215316487493,0.0,0.009440070999971795,98,1,11.32000000000045,0.5459527479997632
7,7,heal,mink,0.30630179749764797,0.018076491059163702,2.3471055195601043,True,,,,347,261,0.7521613832853026,1,0.05361087200299153,0.15449819021035022,0,0,0,0,0,0.04714092917337698,0.003397018782085065,0.017416646868220587,0.0018447548963325103,0.7763091927652077,0.0,0.009527795999929367,99,1,11.040000000000356,0.5160163430000466
8,8,heal,mink,0.3317430691513902,0.33414734793544576,-1.1390733959787083,True,,,,484,383,0.7913223140495868,1,0.0764303030055089,0.15791384918493576,0,0,0,0,0,0.0459654686292601,0.0025597618415693912,0.01756269777583991,0.0018447426235682545,0.4317229308161883,0.0,0.009991982999963511,104,1,13.780000000001271,0.6324109269999099
9,9,heal,mink,0.46756230099252116,0.01193591618027548,0.6480989408667286,True,,,,376,287,0.7632978723404256,1,0.058437898008833145,0.1554199415128541,0,0,0,0,0,0.04649401328892311,0.0038742437297470114,0.017512016655303473,0.0018447428271929503,0.6480989408667286,0.0,0.009007366000332695,90,1,11.62000000000055,0.5359252120001656
10,10,heal,mink,0.4890004274072438,-0.024466367363592423,2.063680077375216,True,,,,377,286,0.7586206896551724,1,0.058522298999832856,0.15523156233377414,0,0,0,0,0,0.04649842815059262,0.002551015372513843,0.017534437109105964,0.001844738871222878,0.49288375058031875,0.0,0.007919963999938773,81,1,11.640000000000557,0.5201666530001603
11,11,heal,mink,0.2821425506922999,0.1096678167224529,0.6377329893219388,True,,,,377,289,0.76657824933687,1,0.05894394999995711,0.15634999999988625,0,0,0,0,0,0.04610526748967542,0.003394768114645618,0.017467286421968962,0.0018447394263179705,0.6377329893219388,0.0,0.009913357000186807,103,1,11.640000000000557,0.5528811270000915
12,12,heal,mink,0.3127061145271115,0.3155063537153353,-1.9520575950999757,True,,,,474,372,0.7848101265822784,1,0.0751181900013762,0.15847719409573038,0,0,0,0,0,0.04426906057218821,0.0038520015555137954,0.01747456559795915,0.0018447521351554212,1.1895350584898177,1.5707963267948966,0.012406938999902195,131,1,13.580000000001204,0.6029554799997641
13,13,heal,mink,0.31536159035411915,-0.08448824944952615,2.805227231857172,True,,,,325,243,0.7476923076923077,1,0.050281684001674876,0.1547128738513073,0,0,0,0,0,0.032370891417715125,0.0033920342877971636,0.01774927693197056,0.0018447496420821107,-0.3363654217326211,0.0,0.00808005500039144,84,1,10.60000000000021,0.5019361049999134
14,14,heal,mink,0.45774582972227784,0.046035466743758024,1.2738486260209596,True,,,,383,294,0.7676240208877284,1,0.06083737399876554,0.15884431853463588,0,0,0,0,0,0.04416847976588435,0.0025680117490754772,0.01783066211084197,0.0018447267910523632,-0.29694770077393784,0.0,0.008480038000016066,88,1,11.760000000000597,0.5472717249999732
15,15,heal,mink,0.42318584199128806,0.25527587121458645,-0.9776211733323574,True,,,,457,358,0.7833698030634574,1,0.07232722699473015,0.15826526694689314,0,0,0,0,0,0.04549941760624282,0.002544672479056098,0.017592958879141526,0.0018447399651783383,0.5931751534625391,0.0,0.009575444000347488,99,1,13.240000000001091,0.5920441940002092
16,16,heal,mink,0.39172920971984126,0.07814230692548538,-2.5505093756597654,True,,,,376,286,0.7606382978723404,1,0.05937115700589857,0.15790201331356002,0,0,0,0,0,0.04610227371861264,0.003908622655142746,0.017475388479540943,0.0018447250135596588,0.5910832779300277,0.0,0.009376892000091175,97,1,11.62000000000055,0.5438229329997739
17,17,heal,mink,0.46126869819947536,-0.045952378062210794,0.3628196915778523,True,,,,364,277,0.760989010989011,1,0.05666732399686225,0.15567946152984136,0,0,0,0,0,0.04629762949490806,0.0025688963794096575,0.017495605858382862,0.0018447273935395826,0.3628196915778523,0.0,0.007834285000171803,81,1,11.38000000000047,0.5274491850000231
18,18,heal,mink,0.3498264423043932,0.21001075247257944,-1.3771276449607033,True,,,,426,330,0.7746478873239436,1,0.06646890000229178,0.1560302816955206,0,0,0,0,0,0.047014081620708525,0.003887776483017691,0.017417677654884944,0.0018447357638893646,0.19366868183419328,0.0,0.009300697000071523,96,1,12.620000000000884,0.5928509169998506
19,19,heal,mink,0.3550946989323152,0.30589989861568373,-1.420816769549856,True,,,,472,371,0.7860169491525424,1,0.07530415600285778,0.1595427033958851,0,0,0,0,0,0.04627041349449995,0.002561668858136995,0.0175107576233042,0.0018447529747196453,0.14997955724504042,0.0,0.00953667099975064,100,1,13.540000000001191,0.639598013000068
20,20,heal,mink,0.3200189906575398,0.0921274865093534,-2.3768052695990773,True,,,,371,283,0.7628032345013477,1,0.05753785098931985,0.15508854714102385,0,0,0,0,0,0.04674802739510375,0.0033901114235905527,0.01746187805517682,0.00184473882006137,0.7647873839907158,0.0,0.009971779000352399,104,1,11.520000000000516,0.5323801160002404
21,21,heal,mink,0.4452793972043677,0.15868963360264532,1.3182197570030034,True,,,,420,325,0.7738095238095238,1,0.06615355300118608,0.15750845952663353,0,0,0,0,0,0.0451975234680017,0.002559289675870824,0.01757711349309299,0.001844755346802371,-0.25257656979189314,0.0,0.009081378999781009,95,1,12.500000000000844,0.6025356999998621
22,22,heal,mink,0.341586728858019,-0.028324125487461854,-2.5851639838868,True,,,,336,252,0.75,1,0.051891572993099544,0.1544392053366058,0,0,0,0,0,0.046657303693705576,0.00338539563902418,0.017427553915452976,0.0018447408949834635,0.556428669702993,0.0,0.008944895000240649,91,1,10.820000000000283,0.5179322969997884
23,23,heal,mink,0.42348327016434106,0.1750707816039861,-2.3332971535037066,True,,,,421,326,0.7743467933491687,1,0.06637837000380387,0.15766833730119684,0,0,0,0,0,0.04408836395316934,0.0025740149873673406,0.017521834064632785,0.0018447325310442357,0.8082955000860865,1.5707963267948966,0.011463103000096453,121,1,12.52000000000085,0.559061606999876
24,24,heal,mink,0.33256720916732885,0.06638156519400618,0.46959156828725535,True,,,,361,275,0.7617728531855956,1,0.0568182740003067,0.1573913407210712,0,0,0,0,0,0.04601671829393955,0.0033878307226056508,0.017468965365971423,0.0018447306457486238,0.46959156828725535,0.0,0.009157444999800646,95,1,11.32000000000045,0.5096178140001939
